{"average distance of all codes": 0.5772717650756982, "average distance of phylo codes": 0.7062850632774886, "average distance of non-phylo codes": 0.44825846687390786, "average distance of different levels": {"0": 0.8109891249973336, "1": 0.7704452929424014, "2": 0.7226468201061818}, "phylo codes": {"Notropis percobromus": [37, 40, 58, 54, 47, 25, 36, 11, 61, 7, 13, 24, 40, 5, 25, 40, 11, 41, 56, 52, 27, 58, 3, 37, 58, 21, 21, 49, 16, 40, 41, 42], "Lepomis macrochirus": [30, 4, 29, 50, 31, 61, 57, 38, 31, 50, 18, 23, 44, 55, 2, 9, 45, 19, 27, 55, 34, 50, 5, 45, 11, 31, 7, 57, 46, 63, 4, 21]}, "non-phylo codes": {"Notropis percobromus": [25, 22, 14, 53, 28, 38, 15, 0, 4, 25, 14, 53, 49, 43, 25, 4, 33, 49, 0, 22, 22, 4, 22, 0, 4, 4, 0, 46, 29, 22, 49, 14], "Lepomis macrochirus": [38, 49, 33, 38, 22, 33, 49, 46, 33, 33, 34, 29, 25, 32, 22, 0, 38, 15, 14, 4, 22, 33, 4, 22, 22, 0, 4, 29, 38, 38, 4, 15]}, "phylo codes levels": {"0": {"Notropis percobromus": [[37, 47, 61, 40, 11, 27, 58, 16]], "Lepomis macrochirus": [[30, 31, 31, 44, 45, 34, 11, 46]]}, "1": {"Notropis percobromus": [[37, 40, 47, 25, 61, 7, 40, 5, 11, 41, 27, 58, 58, 21, 16, 40]], "Lepomis macrochirus": [[30, 4, 31, 61, 31, 50, 44, 55, 45, 19, 34, 50, 11, 31, 46, 63]]}, "2": {"Notropis percobromus": [[37, 40, 58, 47, 25, 36, 61, 7, 13, 40, 5, 25, 11, 41, 56, 27, 58, 3, 58, 21, 21, 16, 40, 41]], "Lepomis macrochirus": [[30, 4, 29, 31, 61, 57, 31, 50, 18, 44, 55, 2, 45, 19, 27, 34, 50, 5, 11, 31, 7, 46, 63, 4]]}}}