{"average distance of all codes": 0.5640377002907646, "average distance of phylo codes": 0.705050041340847, "average distance of non-phylo codes": 0.4230253592406821, "average distance of different levels": {"0": 0.8010730968405118, "1": 0.7596739561406717, "2": 0.7147603564067438}, "phylo codes": {"Noturus miurus": [37, 27, 38, 13, 38, 27, 29, 11, 8, 12, 54, 25, 8, 46, 38, 50, 63, 40, 7, 15, 27, 11, 43, 4, 48, 25, 21, 49, 40, 13, 9, 12], "Lepomis macrochirus": [30, 4, 29, 50, 31, 61, 57, 38, 31, 50, 18, 23, 44, 55, 2, 9, 45, 19, 27, 55, 34, 50, 5, 45, 11, 31, 7, 57, 46, 63, 4, 21]}, "non-phylo codes": {"Noturus miurus": [4, 15, 53, 53, 25, 49, 33, 4, 33, 29, 14, 4, 49, 49, 49, 25, 25, 22, 49, 0, 38, 49, 14, 49, 33, 49, 0, 22, 4, 49, 0, 4], "Lepomis macrochirus": [38, 49, 33, 38, 22, 33, 49, 46, 33, 33, 34, 29, 25, 32, 22, 0, 38, 15, 14, 4, 22, 33, 4, 22, 22, 0, 4, 29, 38, 38, 4, 15]}, "phylo codes levels": {"0": {"Noturus miurus": [[37, 38, 8, 8, 63, 27, 48, 40]], "Lepomis macrochirus": [[30, 31, 31, 44, 45, 34, 11, 46]]}, "1": {"Noturus miurus": [[37, 27, 38, 27, 8, 12, 8, 46, 63, 40, 27, 11, 48, 25, 40, 13]], "Lepomis macrochirus": [[30, 4, 31, 61, 31, 50, 44, 55, 45, 19, 34, 50, 11, 31, 46, 63]]}, "2": {"Noturus miurus": [[37, 27, 38, 38, 27, 29, 8, 12, 54, 8, 46, 38, 63, 40, 7, 27, 11, 43, 48, 25, 21, 40, 13, 9]], "Lepomis macrochirus": [[30, 4, 29, 31, 61, 57, 31, 50, 18, 44, 55, 2, 45, 19, 27, 34, 50, 5, 11, 31, 7, 46, 63, 4]]}}}