{"average distance of all codes": 0.5054633630698351, "average distance of phylo codes": 0.6155889146712386, "average distance of non-phylo codes": 0.3953378114684315, "average distance of different levels": {"0": 0.5177619486757921, "1": 0.6081828544987811, "2": 0.6110902607280021}, "phylo codes": {"Noturus miurus": [37, 27, 38, 13, 38, 27, 29, 11, 8, 12, 54, 25, 8, 46, 38, 50, 63, 40, 7, 15, 27, 11, 43, 4, 48, 25, 21, 49, 40, 13, 9, 12], "Notropis nubilus": [37, 13, 49, 54, 47, 11, 23, 9, 61, 7, 7, 58, 40, 25, 11, 40, 11, 41, 51, 3, 27, 0, 61, 49, 38, 33, 8, 9, 16, 16, 0, 42]}, "non-phylo codes": {"Noturus miurus": [4, 15, 53, 53, 25, 49, 33, 4, 33, 29, 14, 4, 49, 49, 49, 25, 25, 22, 49, 0, 38, 49, 14, 49, 33, 49, 0, 22, 4, 49, 0, 4], "Notropis nubilus": [4, 49, 15, 25, 25, 4, 22, 33, 15, 0, 14, 49, 33, 49, 4, 22, 25, 0, 15, 0, 4, 28, 4, 33, 15, 49, 4, 15, 38, 33, 49, 49]}, "phylo codes levels": {"0": {"Noturus miurus": [[37, 38, 8, 8, 63, 27, 48, 40]], "Notropis nubilus": [[37, 47, 61, 40, 11, 27, 38, 16]]}, "1": {"Noturus miurus": [[37, 27, 38, 27, 8, 12, 8, 46, 63, 40, 27, 11, 48, 25, 40, 13]], "Notropis nubilus": [[37, 13, 47, 11, 61, 7, 40, 25, 11, 41, 27, 0, 38, 33, 16, 16]]}, "2": {"Noturus miurus": [[37, 27, 38, 38, 27, 29, 8, 12, 54, 8, 46, 38, 63, 40, 7, 27, 11, 43, 48, 25, 21, 40, 13, 9]], "Notropis nubilus": [[37, 13, 49, 47, 11, 23, 61, 7, 7, 40, 25, 11, 11, 41, 51, 27, 0, 61, 38, 33, 8, 16, 16, 0]]}}}