{"average distance of all codes": 0.4257682195494239, "average distance of phylo codes": 0.46540353624300057, "average distance of non-phylo codes": 0.38613290285584717, "average distance of different levels": {"0": 0.2585422443233226, "1": 0.36725104899973604, "2": 0.4270116336759237}, "phylo codes": {"Notropis percobromus": [37, 40, 58, 54, 47, 25, 36, 11, 61, 7, 13, 24, 40, 5, 25, 40, 11, 41, 56, 52, 27, 58, 3, 37, 58, 21, 21, 49, 16, 40, 41, 42], "Notropis nubilus": [37, 13, 49, 54, 47, 11, 23, 9, 61, 7, 7, 58, 40, 25, 11, 40, 11, 41, 51, 3, 27, 0, 61, 49, 38, 33, 8, 9, 16, 16, 0, 42]}, "non-phylo codes": {"Notropis percobromus": [25, 22, 14, 53, 28, 38, 15, 0, 4, 25, 14, 53, 49, 43, 25, 4, 33, 49, 0, 22, 22, 4, 22, 0, 4, 4, 0, 46, 29, 22, 49, 14], "Notropis nubilus": [4, 49, 15, 25, 25, 4, 22, 33, 15, 0, 14, 49, 33, 49, 4, 22, 25, 0, 15, 0, 4, 28, 4, 33, 15, 49, 4, 15, 38, 33, 49, 49]}, "phylo codes levels": {"0": {"Notropis percobromus": [[37, 47, 61, 40, 11, 27, 58, 16]], "Notropis nubilus": [[37, 47, 61, 40, 11, 27, 38, 16]]}, "1": {"Notropis percobromus": [[37, 40, 47, 25, 61, 7, 40, 5, 11, 41, 27, 58, 58, 21, 16, 40]], "Notropis nubilus": [[37, 13, 47, 11, 61, 7, 40, 25, 11, 41, 27, 0, 38, 33, 16, 16]]}, "2": {"Notropis percobromus": [[37, 40, 58, 47, 25, 36, 61, 7, 13, 40, 5, 25, 11, 41, 56, 27, 58, 3, 58, 21, 21, 16, 40, 41]], "Notropis nubilus": [[37, 13, 49, 47, 11, 23, 61, 7, 7, 40, 25, 11, 11, 41, 51, 27, 0, 61, 38, 33, 8, 16, 16, 0]]}}}