{"average distance of all codes": 0.4229606658248015, "average distance of phylo codes": 0.4825551928438072, "average distance of non-phylo codes": 0.3633661388057958, "average distance of different levels": {"0": 0.30980783520242233, "1": 0.38774763497264264, "2": 0.4428302332803429}, "phylo codes": {"Noturus miurus": [37, 27, 38, 13, 38, 27, 29, 11, 8, 12, 54, 25, 8, 46, 38, 50, 63, 40, 7, 15, 27, 11, 43, 4, 48, 25, 21, 49, 40, 13, 9, 12], "Noturus flavus": [37, 27, 46, 63, 38, 17, 58, 11, 8, 19, 52, 53, 61, 58, 34, 51, 63, 16, 8, 24, 63, 11, 2, 54, 49, 38, 31, 60, 40, 47, 31, 41]}, "non-phylo codes": {"Noturus miurus": [4, 15, 53, 53, 25, 49, 33, 4, 33, 29, 14, 4, 49, 49, 49, 25, 25, 22, 49, 0, 38, 49, 14, 49, 33, 49, 0, 22, 4, 49, 0, 4], "Noturus flavus": [25, 4, 4, 28, 49, 0, 33, 22, 4, 29, 14, 29, 46, 22, 25, 15, 49, 22, 46, 0, 53, 28, 22, 28, 53, 49, 14, 28, 29, 14, 14, 49]}, "phylo codes levels": {"0": {"Noturus miurus": [[37, 38, 8, 8, 63, 27, 48, 40]], "Noturus flavus": [[37, 38, 8, 61, 63, 63, 49, 40]]}, "1": {"Noturus miurus": [[37, 27, 38, 27, 8, 12, 8, 46, 63, 40, 27, 11, 48, 25, 40, 13]], "Noturus flavus": [[37, 27, 38, 17, 8, 19, 61, 58, 63, 16, 63, 11, 49, 38, 40, 47]]}, "2": {"Noturus miurus": [[37, 27, 38, 38, 27, 29, 8, 12, 54, 8, 46, 38, 63, 40, 7, 27, 11, 43, 48, 25, 21, 40, 13, 9]], "Noturus flavus": [[37, 27, 46, 38, 17, 58, 8, 19, 52, 61, 58, 34, 63, 16, 8, 63, 11, 2, 49, 38, 31, 40, 47, 31]]}}}