{"average distance of all codes": 0.5034935050818252, "average distance of phylo codes": 0.615208638628905, "average distance of non-phylo codes": 0.3917783715347455, "average distance of different levels": {"0": 0.5008587760901622, "1": 0.6191873231207718, "2": 0.6162779540462854}, "phylo codes": {"Notropis percobromus": [37, 40, 58, 54, 47, 25, 36, 11, 61, 7, 13, 24, 40, 5, 25, 40, 11, 41, 56, 52, 27, 58, 3, 37, 58, 21, 21, 49, 16, 40, 41, 42], "Noturus flavus": [37, 27, 46, 63, 38, 17, 58, 11, 8, 19, 52, 53, 61, 58, 34, 51, 63, 16, 8, 24, 63, 11, 2, 54, 49, 38, 31, 60, 40, 47, 31, 41]}, "non-phylo codes": {"Notropis percobromus": [25, 22, 14, 53, 28, 38, 15, 0, 4, 25, 14, 53, 49, 43, 25, 4, 33, 49, 0, 22, 22, 4, 22, 0, 4, 4, 0, 46, 29, 22, 49, 14], "Noturus flavus": [25, 4, 4, 28, 49, 0, 33, 22, 4, 29, 14, 29, 46, 22, 25, 15, 49, 22, 46, 0, 53, 28, 22, 28, 53, 49, 14, 28, 29, 14, 14, 49]}, "phylo codes levels": {"0": {"Notropis percobromus": [[37, 47, 61, 40, 11, 27, 58, 16]], "Noturus flavus": [[37, 38, 8, 61, 63, 63, 49, 40]]}, "1": {"Notropis percobromus": [[37, 40, 47, 25, 61, 7, 40, 5, 11, 41, 27, 58, 58, 21, 16, 40]], "Noturus flavus": [[37, 27, 38, 17, 8, 19, 61, 58, 63, 16, 63, 11, 49, 38, 40, 47]]}, "2": {"Notropis percobromus": [[37, 40, 58, 47, 25, 36, 61, 7, 13, 40, 5, 25, 11, 41, 56, 27, 58, 3, 58, 21, 21, 16, 40, 41]], "Noturus flavus": [[37, 27, 46, 38, 17, 58, 8, 19, 52, 61, 58, 34, 63, 16, 8, 63, 11, 2, 49, 38, 31, 40, 47, 31]]}}}