{"average distance of all codes": 0.5854765143337753, "average distance of phylo codes": 0.7239526757985708, "average distance of non-phylo codes": 0.4470003528689799, "average distance of different levels": {"0": 0.8104224127245451, "1": 0.7827112084586179, "2": 0.7551737635369588}, "phylo codes": {"Lepomis megalotis": [40, 12, 62, 2, 57, 8, 53, 42, 31, 8, 18, 23, 44, 29, 22, 9, 45, 60, 27, 2, 34, 50, 7, 45, 25, 25, 49, 60, 38, 63, 21, 9], "Noturus flavus": [37, 27, 46, 63, 38, 17, 58, 11, 8, 19, 52, 53, 61, 58, 34, 51, 63, 16, 8, 24, 63, 11, 2, 54, 49, 38, 31, 60, 40, 47, 31, 41]}, "non-phylo codes": {"Lepomis megalotis": [46, 4, 4, 38, 35, 33, 28, 25, 33, 49, 34, 33, 25, 27, 33, 15, 38, 49, 28, 4, 4, 4, 38, 4, 0, 38, 33, 0, 29, 25, 4, 4], "Noturus flavus": [25, 4, 4, 28, 49, 0, 33, 22, 4, 29, 14, 29, 46, 22, 25, 15, 49, 22, 46, 0, 53, 28, 22, 28, 53, 49, 14, 28, 29, 14, 14, 49]}, "phylo codes levels": {"0": {"Lepomis megalotis": [[40, 57, 31, 44, 45, 34, 25, 38]], "Noturus flavus": [[37, 38, 8, 61, 63, 63, 49, 40]]}, "1": {"Lepomis megalotis": [[40, 12, 57, 8, 31, 8, 44, 29, 45, 60, 34, 50, 25, 25, 38, 63]], "Noturus flavus": [[37, 27, 38, 17, 8, 19, 61, 58, 63, 16, 63, 11, 49, 38, 40, 47]]}, "2": {"Lepomis megalotis": [[40, 12, 62, 57, 8, 53, 31, 8, 18, 44, 29, 22, 45, 60, 27, 34, 50, 7, 25, 25, 49, 38, 63, 21]], "Noturus flavus": [[37, 27, 46, 38, 17, 58, 8, 19, 52, 61, 58, 34, 63, 16, 8, 63, 11, 2, 49, 38, 31, 40, 47, 31]]}}}