{"average distance of all codes": 0.5958276722938721, "average distance of phylo codes": 0.7296413882876033, "average distance of non-phylo codes": 0.4620139563001409, "average distance of different levels": {"0": 0.8145348146528937, "1": 0.7666121186272663, "2": 0.7383886742332205}, "phylo codes": {"Lepomis megalotis": [40, 12, 62, 2, 57, 8, 53, 42, 31, 8, 18, 23, 44, 29, 22, 9, 45, 60, 27, 2, 34, 50, 7, 45, 25, 25, 49, 60, 38, 63, 21, 9], "Notropis nubilus": [37, 13, 49, 54, 47, 11, 23, 9, 61, 7, 7, 58, 40, 25, 11, 40, 11, 41, 51, 3, 27, 0, 61, 49, 38, 33, 8, 9, 16, 16, 0, 42]}, "non-phylo codes": {"Lepomis megalotis": [46, 4, 4, 38, 35, 33, 28, 25, 33, 49, 34, 33, 25, 27, 33, 15, 38, 49, 28, 4, 4, 4, 38, 4, 0, 38, 33, 0, 29, 25, 4, 4], "Notropis nubilus": [4, 49, 15, 25, 25, 4, 22, 33, 15, 0, 14, 49, 33, 49, 4, 22, 25, 0, 15, 0, 4, 28, 4, 33, 15, 49, 4, 15, 38, 33, 49, 49]}, "phylo codes levels": {"0": {"Lepomis megalotis": [[40, 57, 31, 44, 45, 34, 25, 38]], "Notropis nubilus": [[37, 47, 61, 40, 11, 27, 38, 16]]}, "1": {"Lepomis megalotis": [[40, 12, 57, 8, 31, 8, 44, 29, 45, 60, 34, 50, 25, 25, 38, 63]], "Notropis nubilus": [[37, 13, 47, 11, 61, 7, 40, 25, 11, 41, 27, 0, 38, 33, 16, 16]]}, "2": {"Lepomis megalotis": [[40, 12, 62, 57, 8, 53, 31, 8, 18, 44, 29, 22, 45, 60, 27, 34, 50, 7, 25, 25, 49, 38, 63, 21]], "Notropis nubilus": [[37, 13, 49, 47, 11, 23, 61, 7, 7, 40, 25, 11, 11, 41, 51, 27, 0, 61, 38, 33, 8, 16, 16, 0]]}}}