{"average distance of all codes": 0.39637819729044427, "average distance of phylo codes": 0.42897001318041805, "average distance of non-phylo codes": 0.3637863814004704, "average distance of different levels": {"0": 0.2737444072293069, "1": 0.33093921568560825, "2": 0.39796323949541473}, "phylo codes": {"Lepomis megalotis": [40, 12, 62, 2, 57, 8, 53, 42, 31, 8, 18, 23, 44, 29, 22, 9, 45, 60, 27, 2, 34, 50, 7, 45, 25, 25, 49, 60, 38, 63, 21, 9], "Lepomis macrochirus": [30, 4, 29, 50, 31, 61, 57, 38, 31, 50, 18, 23, 44, 55, 2, 9, 45, 19, 27, 55, 34, 50, 5, 45, 11, 31, 7, 57, 46, 63, 4, 21]}, "non-phylo codes": {"Lepomis megalotis": [46, 4, 4, 38, 35, 33, 28, 25, 33, 49, 34, 33, 25, 27, 33, 15, 38, 49, 28, 4, 4, 4, 38, 4, 0, 38, 33, 0, 29, 25, 4, 4], "Lepomis macrochirus": [38, 49, 33, 38, 22, 33, 49, 46, 33, 33, 34, 29, 25, 32, 22, 0, 38, 15, 14, 4, 22, 33, 4, 22, 22, 0, 4, 29, 38, 38, 4, 15]}, "phylo codes levels": {"0": {"Lepomis megalotis": [[40, 57, 31, 44, 45, 34, 25, 38]], "Lepomis macrochirus": [[30, 31, 31, 44, 45, 34, 11, 46]]}, "1": {"Lepomis megalotis": [[40, 12, 57, 8, 31, 8, 44, 29, 45, 60, 34, 50, 25, 25, 38, 63]], "Lepomis macrochirus": [[30, 4, 31, 61, 31, 50, 44, 55, 45, 19, 34, 50, 11, 31, 46, 63]]}, "2": {"Lepomis megalotis": [[40, 12, 62, 57, 8, 53, 31, 8, 18, 44, 29, 22, 45, 60, 27, 34, 50, 7, 25, 25, 49, 38, 63, 21]], "Lepomis macrochirus": [[30, 4, 29, 31, 61, 57, 31, 50, 18, 44, 55, 2, 45, 19, 27, 34, 50, 5, 11, 31, 7, 46, 63, 4]]}}}