{"LSF": 0.33418788927517507, "CW": 0.7089659757976376}