{"level0": 0.9634235524470125, "level1": 0.6915017885135386, "level2": 0.5882016664000399, "level3": 0.5646969267119617}