{"LSF": 0.6643844091280064, "CW": 0.5864088843858718}