{"LSF": 0.5183416010358408, "CW": 0.48825194410646483}