{"LSF": 0.52576687295871, "CW": 0.6582867872720619}