{"non-attr to level3": 0.5190929208075672, "level0": 0.8340634949230319, "level1": 0.8492713718318662, "level2": 0.8348566452243904, "level3": 0.7786432803537224}