{"non-attr to level3": 0.49948164331919637, "level0": 0.8579239455309307, "level1": 0.8674247208445331, "level2": 0.7844563458415582, "level3": 0.6982996360091397}